γ,q^C,p^C,π^C,q^G,p^G,E[π^G],ΔProfit,Adopt?
0.1,51.75,58.25,2678.0625,30.0,85.0,-139.5,-2817.5625,❌
0.3,51.75,58.25,2678.0625,48.333333333333336,66.66666666666667,24.166666666666686,-2653.8958333333335,❌
0.5,51.75,58.25,2678.0625,52.0,63.0,533.0,-2145.0625,❌
0.7,51.75,58.25,2678.0625,53.57142857142858,61.42857142857143,1317.857142857143,-1360.205357142857,❌
0.9,51.75,58.25,2678.0625,54.44444444444444,60.55555555555556,2371.0555555555557,-307.00694444444434,❌
1.0,51.75,58.25,2678.0625,54.75,60.25,2997.5625,319.5,✅
